department,employee_count,active_employees,terminated_employees,avg_salary,avg_satisfaction,avg_sdg_score,attrition_rate_%
Corporate Services,542,415,127,153624.1697416974,3.1383763837638377,3.518450184501845,23.43
Customer Services,680,525,155,138004.26470588235,3.1441176470588235,3.5044117647058823,22.79
Operations,869,665,204,156264.21173762946,3.1772151898734178,3.538550057537399,23.48
Sales,609,468,141,171412.47947454845,3.1133004926108376,3.490968801313629,23.15
Sustainability & Community,328,256,72,178851.82926829267,3.167682926829268,3.524390243902439,21.95
Technology,848,656,192,164812.5,3.1839622641509435,3.5860849056603774,22.64
