office_site,employee_count,active_employees,terminated_employees,avg_satisfaction,avg_wellbeing,avg_sdg_score,attrition_rate_%
Adelaide Branch,551,433,118,3.1107078039927405,3.5245009074410163,3.4210526315789473,21.42
Brisbane Branch,687,521,166,3.158660844250364,3.6273653566229984,3.5851528384279474,24.16
Melbourne HQ,1610,1260,350,3.1782608695652175,3.601863354037267,3.568944099378882,21.74
Sydney Branch,1028,771,257,3.1459143968871595,3.5340466926070038,3.4961089494163424,25.0
